BlockType,Id,Hash,Size1,Size2,Name
1,0000,3513af68b207fb624dfffd881222f2e20e2296f6,008668,,Trak_Baroonda_Baroo_Coast_1
1,0001,2f1e083f82be3d7a5a83106ccf29ce2c008e167c,009592,,Trak_Baroonda_Grabvine_Gateway_1
1,0002,74f3c03bcb77f84a9341bdb8329b8f749da5f085,001024,,Trak_Mon_Gaza_Speedway_1
1,0003,6951977c6b4cc41f50db2a397c49f36d0b931e34,008164,,Trak_Oovo_IV_Vengeance_1
1,0004,40fddc45d73a943a4969d7c035afd5b1497eebc7,011524,,Trak_Oovo_IV_Executioner_1
1,0005,b1829f352960dba42e7a757fdb6f8413278aae61,012280,,Trak_Oovo_IV_The_Gauntlet_1
1,0006,9b7349c0bbe0988912bf5cba1b4cc16eab99d84f,014380,,Trak_Ando_Prime_Ando_Prime_Centrum
1,0007,c5b95093f53b511a47a691e9087f72e5274e998c,002368,,Trak_Malastare_Malastare_100_1
1,0008,a5d0222ed41bc43abbbf17781f72d0fb96d3d2f7,002200,,Trak_Malastare_Dug_Derby_1
1,0009,295b0e1bcc3ee1a1ca75de7d5ee4cc84bae29aae,003292,,Trak_Malastare_Sebulbas_Legacy_1
1,0010,a9c68ea71830012ee02802c323fa04af4ba784d0,015136,,Trak_Tatooine_Boonta_Classic
1,0011,c9d9aecb04301857b1991cfc0c37024e81b548f6,011356,,Trak_Ando_Prime_Beedos_Wild_Ride_1
1,0012,07cdf9d6e953eac1df122b24bf19ba7f1643e30e,010684,,Trak_Ando_Prime_Beedos_Wild_Ride_2
1,0013,9d386bb787825f1f6aff0199c463e39c98f0856b,010180,,Trak_Ando_Prime_Howler_Gorge_1
1,0014,c09503e01bb320b3bb555eada392f1653a3f4a7b,013792,,Trak_Ando_Prime_Andobi_Mountain_Run_1
1,0015,47e4360575d1f91bc919230d23905eefbdbde3b9,000604,,Part_0f
1,0016,02916c248ab79468c215190e2f561c85dfce8878,004972,,Trak_Aquilaris_Aquilaris_Classic_1
1,0017,a6056b996440ff24a5617ee708e3665cfeed3127,000856,,Camera_AndoPrime_0
1,0018,3804be982d4050d03664dd89e16b94dd6dc80b5f,006148,,Trak_Aquilaris_Sunken_City_1
1,0019,70f336088156139331d9a02d4a81aca758e79001,008584,,Trak_Aquilaris_Partial
1,0020,b29545479abab3c610ded8a7152188b5627b0e7e,000352,,Part_14
1,0021,cb36a71291166a99a12557f4671614dc0b3f5cb1,010180,,Trak_Ando_Prime_Howler_Gorge_2
1,0022,24fac28d695f56f2a1bdde7e8c8213a167168b95,014548,,Trak_Ando_Prime_Andobi_Mountain_Run_2
1,0023,140cf99591febfc65db7a1dfcac5f920cae3e6da,001108,,Part_17
1,0024,61e4aa5d61b0991bf71feb3b91bb195cd1d5fbb7,006988,,Trak_Aquilaris_Aquilaris_Classic_2
1,0025,30a6cac36bb77bd077ae14b22bcfe7968214f441,000856,,Camera_Tatooine_BoontaTrainingCourse
1,0026,712e90dcdf31c9173923cb5e629fe3c0c6be607e,010432,,Trak_Aquilaris_Sunken_City_2
1,0027,9c71be04cf44880f4f354d10e01fc985125501b9,000856,,Part_1b
1,0028,1335c901aa5d0b1b0f371f213436dc8b73f21e99,009088,,Trak_Aquilaris_Bumbys_Breakers
1,0029,88773462193b0ef641ec1b99c18e2d36c1d692c1,003208,,Trak_Ord_Ibanna_Scrappers_Run_1
1,0030,b2ba1fbc7cd349d29f2099b07a9fa37c17126104,000856,,Camera_AndoPrime_1
1,0031,ff22e5a0600f292463d0bdbb8344f5b39a11f874,000856,,Camera_AndoPrime_2
1,0032,9de7dbacbb1c812b85fbee2005f7f572c2997fed,006064,,Trak_Ord_Ibanna_Dethros_Revenge_1
1,0033,0bb8e3a0bc4a261ae03b4ba8cd8cc2b770e789c3,009004,,Trak_Ord_Ibanna_Abyss_1
1,0034,be9b8ea6d13c77bcd2f433b4d9ba6a2ae578dc3d,000856,,Camera_Aquilaris_AquilarisClassic
1,0035,3b7c796dd88d532ac28eaca9e9be30c0e8fdff8e,000856,,Camera_Malastare_0
1,0036,aa9efa3ef16176ec4bb9965d1a57c3cc48399f28,000856,,Camera_OrdIbanna_0
1,0037,b071a210d5eadff3c1c3cfab60e1eb58ecb73eb5,001696,,Part_25
1,0038,7c56fe024a14e6a544753bccfc4e21f8f848710f,000856,,Camera_OrdIbanna_1
1,0039,6084c9d80c945a1d0fa783f42793c1c69b901615,002536,,Part_27
1,0040,1d04172cbcfacfca69a64892fae02447970c6b22,001696,,Camera_OrdIbanna_2
1,0041,24fcd4f63bb7d1d1c1a823b608e40ea274a2f3a1,000856,,Camera_OovoIv_0
1,0042,6f95d9aedd02e869f73670f572493fb196c973fd,000856,,Camera_OovoIv_1
1,0043,b74ef8c8a117ab705320313d392c82a346465497,000856,,Camera_OovoIv_2
1,0044,908daa6f04e397b33781a0465cd0704934b6749e,010852,,Trak_Baroonda_Grabvine_Gateway_2
1,0045,0318b67fc29eb4bfe71e5486cb5a6b62d44674d7,000856,,Camera_Tatooine_BoontaEveClassic
1,0046,e8df2e3419ade95b0ed9a62ce140cf99b3e334a6,000856,,Camera_AndoPrime_3
1,0047,7329e4623ecc54be7dfb388363b176016ed90599,000856,,Camera_Baroonda_3
1,0048,5c625fe86eaccfcc584c3f883575373229e64cd3,000856,,Camera_Aquilaris_BumpysBreakers
1,0049,a041b170ec8f39c9a5646c6e1543bf6b8da74fc0,009508,,Trak_Baroonda_Baroo_Coast_2
1,0050,e7bbcaa1ae5dd4780c334bbbae4c2ac3abac48cb,011776,,Trak_Baroonda_Inferno
1,0051,41205e87e6d6c0ecd7805b80557ffadc317c5a94,014380,,Trak_Baroonda_Fire_Mountain_Rally_1
1,0052,6a4e3302ebea489514fc074adff39bc5ce61863c,001360,,Trak_Mon_Gaza_Speedway_2
1,0053,515ed246270ec56486ce7c794cb10568420ca63b,008164,,Trak_Mon_Gaza_Spice_Mine_Run
1,0054,12e88cd160582c4fadeec4ff5e7b606e763469f5,009256,,Trak_Mon_Gaza_Zugga_Challenge
1,0055,0ab422f41a4ad225a5e5076829e5b7d0e2208e91,007324,,Trak_37
1,0056,82a88eef27c28f4dd837860e94333973d6dcd36d,000856,,Camera_MonGazza_MonGazzaSpeedway
1,0057,6271afa1e196ebbbb85cd3451c033e6496832bd6,000856,,Camera_MonGazza_1
1,0058,f6baa339057b2812254530e99a1052ca299c76f6,002704,,Trak_Malastare_Dug_Derby_2
1,0059,a7b2ea39294ca89a8123969487fb1f1546e99718,000856,,Camera_Malastare_1
1,0060,64b627e1a41b4373111ed866ead26b991f10cbad,004552,,Trak_Malastare_Sebulbas_Legacy_2
1,0061,986969dfe9c5b9cc1692f0df0c97a0a62404c450,003208,,Trak_Ord_Ibanna_Scrappers_Run_2
1,0062,97e8d32bb215e11d5e06d49b172eb3fb445a97f9,000520,,Camera_Malastare_2
1,0063,789cc39d582812a903a43762cf94b05b7c620d3f,006064,,Trak_Ord_Ibanna_Dethros_Revenge_2
1,0064,fae5e762ce1d32276ffdb3c50020aefa32916f2c,009004,,Trak_Ord_Ibanna_Abyss_2
1,0065,f413aa5a400201fbbc4a0c98a3a338d3da48e691,008164,,Trak_Oovo_IV_Vengeance_2
1,0066,e1b5f45fef5ca201551a54c39d75c4b7256e9e6c,011524,,Trak_Oovo_IV_Executioner_2
1,0067,dd4ac0c7f4764d7e1fddd2a9e72cdf7a27bfff2b,012280,,Trak_Oovo_IV_The_Gauntlet_2
1,0068,3ce7d819c02bac1eafa329eee83c525cc97fccac,003208,,Trak_Malastare_Malastare_100_2
1,0069,a2c5ecd9a3e4ff1a133066e8fb776819d45d1dfc,000856,,Part_45
1,0070,5d1948397ce65fe69824cb6dce9050dacf0db02e,000856,,Part_46
1,0071,74e43c0c15ac19cdeefaf95cd2f85e973f522293,000856,,Part_47
1,0072,1f416f020bf36e1190db50a0ca7369af06cb69d9,000856,,Part_48
1,0073,94cc417ec3011eb8c9eea7d701967eeddcc918f5,000856,,Part_49
1,0074,5ab065348915782ad533eca19bb065f33b5a1e29,002620,,Trak_Tatooine_Boonta_Training_Course
1,0075,e5f6004c10460b1b344d97ef6e9df8797bcb4a0f,000856,,Part_4b
1,0076,8aaf239c9bc9b452078ea94756f156fa24742165,000856,,Part_4c
1,0077,f76e4eae60aae3b9cc271e9afe07184bd8d7e3c6,002032,,Part_4d
1,0078,eaac9f2915cebdf0d61e3fcbe0a0eb3d3f2486de,002284,,Part_4e
1,0079,6023f23fbc0fc1e4e68ba103a25a36940cefba64,000856,,Part_4f
1,0080,990849af52e2e266a042f414d0e23cf390cdbc2a,000856,,Part_50
1,0081,d074e5f9b17de447e86ddc90e235f96c856b4d7d,000856,,Part_51
1,0082,08d64f3c7cc37fb7837f7a378805a323c13cf665,000184,,Camera_Aquilaris_SunkenCity
1,0083,0a692a46b8efd264ecf81f4a13195caec506a4c3,001276,,Camera_Baroonda_0
1,0084,c1127517bb0a23ee692dc4400dff17510f40a831,000184,,Camera_MonGazza_2
1,0085,b414b010b7257265cdf7b92498c9886f8129bb06,009424,,Trak_Baroonda_Baroo_Coast_3
1,0086,8dc03dab1c40b484ad0e101ee90f5db519577d9e,014212,,Trak_Baroonda_Fire_Mountain_Rally_2
1,0087,d3bb21fd929dd39fc4d3ce00e010fd28838f8236,001696,,Part_57
1,0088,3998162bc658934987b708d3e37c7afa309eab10,000856,,Camera_Baroonda_1
1,0089,6cb634e9a9bdff66f7d9e7eb81211e292f1da6c1,000856,,Camera_Baroonda_2
1,0090,4a5ff1cdf345427f14f5816407316def3b49a469,001696,,Part_5a
1,1006,54d7c44d7c9547b258e7a885ee4dcead1a64c48f,014380,,__SPLINE__106
1,1010,8e53277d92c1459b1444210da66ba264711eccbd,015136,,__SPLINE__110
1,1022,803206d86b105252b2622980e69db7cdf2e2a0c8,014548,,__SPLINE__122
1,1024,9f2ee07e9a4d4aa02fad9cf348c7a4a181ebda75,006988,,__SPLINE__124
1,1025,e415962bf0adde61dacecf6eadb6828d6b23d5c8,000856,,__SPLINE__125
1,1026,7912dc5ad9fa92d55a17627d3fcfe38448abf445,010432,,__SPLINE__126
1,1028,51ac28fb931432aece56d3e3d41f2fafeb113485,009088,,__SPLINE__128
1,1029,d75c00cf025d167f34a75520ee5a6047034c37fd,003208,,__SPLINE__129
1,1032,37843333b1ab3bbea34200783643241b95ed85e4,006064,,__SPLINE__132
1,1033,7304951cb8beb559ae8b7d41afacfd364200b20c,009004,,__SPLINE__133
1,1034,28bc9d50557d76d2f37643cdfeef202ce2a95e2e,000856,,__SPLINE__134
1,1044,c6893cf8aa501d758364424ae4abc9bed04b279a,010852,,__SPLINE__144
1,1045,92b46f86de9e8499ab5f9cd62b04e91aedcaa1b2,000856,,__SPLINE__145
1,1046,8ed0642796fb52b79e45d587b30945cbb841ce7b,000856,,__SPLINE__146
1,1048,1bf37eeca86eec3989ae686cf846c6b1a03624a2,000856,,__SPLINE__148
1,1049,19292a5d3f62410b7553143d7155a86d233e32bc,009508,,__SPLINE__149
1,1051,ee0eb2f82116670429c964995e439fbd8a21f665,014380,,__SPLINE__151
1,1052,078a3bf82f0dd38d8b7977ba13b81d643bd829b0,001360,,__SPLINE__152
1,1054,29ae5e9bc38b7204d706f10a6962d265f20f1b72,009256,,__SPLINE__154
1,1056,d788088d76124f4b2d709132a48cb20966dcfdca,000856,,__SPLINE__156
1,1065,4bb0b07508dccbdfa26681d507436bcac5fd3499,008164,,__SPLINE__165
1,1066,7db7df9e6b2f4d6de02183f1b0a04bbaf6278877,011524,,__SPLINE__166
1,1067,1e1106316af2ec552d6cda98c21874849099df41,012280,,__SPLINE__167
1,1070,891e3b2ccc6fc4d877210d6d848fccdfe91bc094,000856,,__SPLINE__170
1,1071,eaa8b5aea699bf69181fe683bbc6ea82f248651d,000856,,__SPLINE__171
1,1072,3d0f27ee493a8260cefd85b8968a78bcc5682793,000856,,__SPLINE__172
1,1073,ded8ba73f4b1662e9e6b29d78070219a1645678d,000856,,__SPLINE__173
1,1074,4cd9677e08bdce0f84e10c4a68e59d1202e1abf5,002620,,__SPLINE__174
1,1076,ffce8efbae5a08b35c509746fbe6479247d03c73,000856,,__SPLINE__176
1,1081,092ae00cb8572b370bac1d18b46a69c6e6fd75a5,000856,,__SPLINE__181
1,1082,85ed2e92b56851799c736f1ba976527fedc9767b,000184,,__SPLINE__182
1,1083,5d2299f2702e728f57a0c12021858a778aec9bcd,001276,,__SPLINE__183
1,1084,c36034c397677d68042ec5b6e66e0af0c670e6da,000184,,__SPLINE__184
1,1088,3aa9e4686f5ddc750400cbc708b889b2e7d4ec80,000856,,__SPLINE__188
1,1089,9ee5f4b49463acdb5c7b4652099c0903d0e05124,000856,,__SPLINE__189
1,1090,9f1fe917238923b8878c1cebde753f49a016fc97,001696,,__SPLINE__190
